SimNo,Result,A2_AvgEx7,A2_D.1,A2_D.2,A2_D.12,A2_T.234,A2_T.2,A2_T.3,A2_T.4,A2_T.5,A2_T.6,A2_T.7,A2_U.1,A2_U.2,A2_U.3,A2_U.4,A2_U.5,A2_U.6,A2_U.7,A2_U.8,A2_U.9,A2_U.10,A2_U.11,A2_U.12,A2_U.13,A2_U.14,A2_U.15,A2_U.16,A2_U.17,A2_U.18,A2_U.19,A2_U.20,A2_U.21,A2_Group,A3_Avg,A3_AvgEx7,A3_D.1,A3_D.2,A3_D.3,A3_D.4,A3_D.5,A3_D.6,A3_D.7,A3_Middle,A4_AvgEx8,A4_T.2,A4_T.3,A4_T.4,A4_T.5,A4_T.6,A4_T.7,A4_Middle,A5_,Comp_W_TW,Comp_W_CS.W_simple,Comp_W_CS.W_dynamic,Comp_W_CS.W_group,Comp_W_CS.W_calendar,Comp_W_SA.W_ATT,Comp_W_CH.W_M,Comp_W_CO.W_CO1,Comp_W_CO.W_CO2,Comp_W_CO.W_CO3,Comp_W_NP_Eq,Comp_W_NP_ATT,Comp_W_NP_IV,Comp_CPI,CPI.T_0,CPI.T_2,CPI.T_3,CPI.T_4,CPI.T_5,CPI.T_6,CPI.T_AvgExLast,CPI.T_Middle,CPI.D_0,CPI.D_1,CPI.D_2,CPI.D_3,CPI.D_4,CPI.D_5,CPI.D_6,CPI.D_Avg,CPI.D_Middle
1,Mean Estimate,3.7279187514319313e-4,-2.1675393799503337e-5,3.5285855799146055e-4,1.4856747624653177e-4,2.8776571436520473e-4,0.0018355293411819432,-5.759678445252936e-4,3.476551621523959e-4,8.32943272413005e-4,-2.8375468128835336e-4,6.98171405098791e-4,0.0018355293411819432,-0.001838884181606285,6.869487920691784e-4,2.9110123456552037e-4,-4.554984925709215e-4,0.0012074276867355615,7.707253578398284e-4,-6.631541717237248e-5,-1.3688871933041847e-4,0.002764246964512653,-0.0010156236851532514,2.5594713437234135e-4,-4.503111014157191e-4,-0.0017331588136120873,0.0015243653590276394,-1.7290295779036965e-4,0.0013432221883287556,-3.5389829983456105e-4,0.0011317967547175712,1.07079305541177e-4,0.002133727909848846,2.2038209683135774e-4,2.638795276705218e-4,2.991476477094433e-4,3.085259535408291e-5,2.3848947812837789e-4,-1.9485804920668187e-4,4.5065890381151765e-4,5.504816668762527e-4,7.192990069724509e-4,5.230116673449874e-5,1.6476479428335312e-4,2.1060132211137175e-5,3.556381859498501e-4,-0.0010332216424631141,1.7395454583719004e-5,5.694333532894986e-4,-4.641869896076639e-4,6.813022901350268e-4,-1.487976408087203e-4,-3.0544185434341626e-5,-3.054901527239006e-5,1.3388006354151164e-4,5.184365334154988e-4,-8.698610988548783e-5,2.8815293282340485e-4,2.855929937642969e-4,-3.793559341153549e-4,-3.793559341153549e-4,-3.30772363148488e-4,-1.6904538679613914e-4,-9.788463487622097e-5,9.046284107355461e-5,-1.2737017358736274e-4,-4.750647977628236e-5,NA,NA,NA,NA,NA,NA,NA,NA,NA,NA,NA,NA,NA,NA,NA,NA,NA
1,Median Estimate,6.459418019475509e-4,-2.496737654381953e-4,4.3553409481547503e-4,8.909573079124788e-5,2.6635595221820687e-4,0.0018886667556301858,-8.702601494325656e-4,-7.333787472806691e-5,0.001008151844331524,1.2757161175584215e-4,8.380363306852857e-4,0.0018886667556301858,-0.0019833964081669804,5.438003358595204e-4,-1.485059736181053e-4,2.0006149339338357e-4,0.00314239011116368,0.0015939102329162512,-3.435017981625985e-4,4.3822537225134616e-4,0.0028640657585171287,-6.554263049855004e-4,6.95669774053518e-4,-3.326289847966033e-4,-0.0012760012638785533,9.674711751768928e-5,-1.0691159447442924e-4,2.4495262171407795e-5,3.7379784410957877e-4,0.0021427098441899363,-7.951549528996094e-4,0.003930504569600348,-5.5712989979208905e-5,4.124025953134281e-4,4.917582664619892e-5,-3.86660189284998e-4,4.922258173742258e-4,-3.6232294311049627e-4,1.2270777847067624e-4,5.977176623107577e-4,8.489105445988223e-4,6.948119679657263e-4,1.925482684312546e-4,3.214276093857313e-4,4.913750905451999e-4,-8.202507082255871e-4,-2.4751411578466625e-4,7.323878719858051e-4,-4.0268367180307035e-5,6.586356247787739e-4,-1.7020816841641816e-4,2.4078350229747006e-4,2.4084493995287217e-4,1.9229481859327408e-4,0.0010545786809525452,-1.1299911973457739e-4,-4.5381435782638937e-4,1.4716820399461104e-4,-2.3840787515945147e-4,-2.3840787515945147e-4,-3.4976653835256375e-5,5.460757620453738e-5,2.5214423190051083e-4,1.5639738684794624e-4,-2.1216640798440393e-4,5.138128054446981e-5,NA,NA,NA,NA,NA,NA,NA,NA,NA,NA,NA,NA,NA,NA,NA,NA,NA
1,SD Estimate,0.006129733273483948,0.005515319981059037,0.006430562691226635,0.005107132839698868,0.007638758896316537,0.014644425218477718,0.0101862636585756,0.009590987819141772,0.009669573935785906,0.008365143265062045,0.012351224692579614,0.014644425218477718,0.011699719372879424,0.014975578670349285,0.013143173043965497,0.013701687519952953,0.014642235489187624,0.012896550810438234,0.012925300892822428,0.014343616869457,0.01661853526627646,0.012906558531141124,0.013328769028265327,0.013115358361295472,0.013646047663759304,0.015441933176438626,0.015819858789994236,0.017049400567124732,0.015085633014453472,0.015950363181748747,0.01748047021864775,0.01812371255898718,0.006458469131860394,0.0075873549842604806,0.006764805677666944,0.005242865690065173,0.006216241788446476,0.007618074906627237,0.0083757277621645,0.010352555131139824,0.012176230258727468,0.015979452206615737,0.006353514291491933,0.004667900197276109,0.011219057692501758,0.008799151661644477,0.008583275432358985,0.00886066714596586,0.00821491962870626,0.012026676791589879,0.005667731494881451,0.0045676621280452984,0.004567658759661986,0.006594009680129843,0.00780187693102886,0.00727500804225564,0.00667567575097233,0.006785184756041737,0.006780783516559806,0.006780783516559806,0.006647540394261154,0.0060636506405100975,0.0060803373281591465,0.0065542558995377405,0.006023878630443638,0.004353427341577535,NA,NA,NA,NA,NA,NA,NA,NA,NA,NA,NA,NA,NA,NA,NA,NA,NA
1,Power,0.044,0.036,0.048,0.048,0.036,0.016,0.044,0.04,0.06,0.024,0.056,0.016,0.028,0.04,0.06,0.056,0.032,0.064,0.052,0.044,0.04,0.044,0.02,0.044,0.04,0.036,0.06,0.068,0.056,0.036,0.048,0.06,0.036,0.028,0.024,0.048,0.056,0.04,0.028,0.052,0.032,0.056,0.036,0.056,0.044,0.052,0.064,0.06,0.024,0.056,0.06,0.068,0.068,0.04,0.036,0.068,0.056,0.04,0.04,0.04,0.052,0.044,0.044,0.052,0.052,0.056,NA,NA,NA,NA,NA,NA,NA,NA,NA,NA,NA,NA,NA,NA,NA,NA,NA
2,Mean Estimate,-0.02984614009927158,-0.02998821513140908,-0.02963334679571064,-0.029826911074840604,-0.029835694708016794,-0.03023931274106191,-0.030798163761304134,-0.029059518070646023,-0.03013114025081693,-0.03023980253725137,-0.029338534192011528,-0.03023931274106191,-0.03183193633489158,-0.029764391520930904,-0.029781240235942624,-0.02870600431724448,-0.028691269509509638,-0.029673154266060143,-0.03055171518687772,-0.030492194268871477,-0.02980749973298081,-0.02997532347025277,-0.030071794111824618,-0.029429544347377375,-0.031468347708493424,-0.030254004510328388,-0.0284283242405543,-0.02907282496386261,-0.030171707642460313,-0.0297908162974663,-0.029102464335703945,-0.029465068703053994,-0.029639454456123978,-0.029860679042486404,-0.029963291271673596,-0.030114535762983934,-0.02965101071083823,-0.02971912783110233,-0.03028177761807496,-0.0297980620719782,-0.030215230348699575,-0.029244995435299764,-0.029883970931983465,-0.02999215629030327,-0.03061373436905989,-0.030765562217679496,-0.028960902739856742,-0.029996470958164722,-0.030170478395475174,-0.029445787742062936,-0.029907645509154434,-0.029950106097887536,-0.029950110028489543,-0.029605969468986387,-0.029575598519773826,-0.029541123320141346,-0.029730153757880667,-0.02943717803776532,-0.02986541977805221,-0.02986541977805221,-0.029932063860256417,-0.02998144255678898,-0.029384144241047606,-0.029234779910652736,-0.02933534277913196,-0.02977848540268533,NA,NA,NA,NA,NA,NA,NA,NA,NA,NA,NA,NA,NA,NA,NA,NA,NA
2,Median Estimate,-0.029348805546232107,-0.02935505712818512,-0.029509406596813746,-0.02951516823765917,-0.02986427110052861,-0.030658545423922656,-0.031243271248329346,-0.028782745129790975,-0.031131462028727207,-0.030500216324380002,-0.029594381944001463,-0.030658545423922656,-0.03194770519122374,-0.02996126502821922,-0.030031775227304547,-0.02866372829211157,-0.028826921696871066,-0.029309060395832483,-0.030332840358154724,-0.030669348127696908,-0.030107526934718618,-0.02988608154727322,-0.02937311806642985,-0.030552318233063067,-0.03216758667478392,-0.030464797690345588,-0.028875090886116554,-0.0290489703994805,-0.030156602336091985,-0.030731665344375464,-0.029505261936546186,-0.030228945230224284,-0.02902023203184035,-0.02944677253543717,-0.030002739434136033,-0.029720495834961586,-0.029663358642204013,-0.029674680654625404,-0.030047018658612597,-0.029840881154568615,-0.029609150829747535,-0.02845459467110993,-0.03033411188424505,-0.02961393154423078,-0.02972856633469252,-0.030855888151500418,-0.02871573266130331,-0.03057613878462035,-0.030375242085123898,-0.029643153272594223,-0.029952059207195687,-0.029782936699335676,-0.02978298133866471,-0.029655047148885783,-0.029205671554153944,-0.029534838423780095,-0.029167471287634507,-0.029539284193135534,-0.029887563714229674,-0.029887563714229674,-0.029757059133318553,-0.029620074235257976,-0.02980680140673203,-0.02865748571248309,-0.029279385994608696,-0.029754855671290423,NA,NA,NA,NA,NA,NA,NA,NA,NA,NA,NA,NA,NA,NA,NA,NA,NA
2,SD Estimate,0.006389137817008958,0.005621299517731135,0.006836407701970354,0.0051377964134072755,0.008187627228460607,0.01572909648586784,0.010916517867437874,0.009278943287988312,0.009402246546572571,0.009199775257444918,0.012284506254281765,0.01572909648586784,0.013694440626758416,0.015584659353477002,0.013463242664026437,0.014177207063424605,0.014317940040272805,0.012778645532432766,0.013335200611349136,0.014635833193764448,0.016398985360349887,0.013424095643110846,0.013817324258578175,0.013227307211738917,0.014963445803492426,0.016947746397712574,0.015779982041363418,0.01592944282307159,0.015462621738349948,0.01652394298877368,0.01707057110749752,0.017611935295522983,0.0066035731673589355,0.007960950745182051,0.007211827944412034,0.00538405367159732,0.006561348433785668,0.007566132643289738,0.009242360653412093,0.010768470825367542,0.012638960465782497,0.015926521278775103,0.0068414530299614204,0.004609735021283883,0.011687369143373665,0.008485496583839446,0.00806181178070926,0.00839779884679475,0.00868200207616776,0.01188835194016253,0.005405920919966094,0.004511015042056556,0.0045110100610950684,0.006925683546288078,0.008274576568190644,0.007484951216924544,0.006976507503727624,0.007209214824319456,0.007027886161392552,0.007027886161392552,0.006905937228574863,0.006310734947935469,0.005847382678430375,0.0063848324073807515,0.005696429842644467,0.0041737387235643835,NA,NA,NA,NA,NA,NA,NA,NA,NA,NA,NA,NA,NA,NA,NA,NA,NA
2,Power,0.988,1,0.98,1,0.94,0.428,0.764,0.816,0.848,0.828,0.584,0.428,0.588,0.344,0.508,0.404,0.244,0.532,0.488,0.392,0.296,0.468,0.404,0.38,0.404,0.292,0.34,0.324,0.336,0.324,0.3,0.252,0.988,0.924,0.952,1,0.988,0.936,0.84,0.664,0.532,0.332,0.972,1,0.676,0.904,0.932,0.92,0.892,0.656,0.996,1,1,0.96,0.92,0.968,0.984,0.956,0.984,0.984,0.992,1,1,0.996,1,1,NA,NA,NA,NA,NA,NA,NA,NA,NA,NA,NA,NA,NA,NA,NA,NA,NA
3,Mean Estimate,-0.06002035198435278,-0.06019789030384063,-0.06002536157789299,-0.060119467974300206,-0.06028803542410433,-0.05991437731999363,-0.061004969589075454,-0.0599346301497338,-0.06002894628704919,-0.059539623895592135,-0.0601475457891888,-0.05991437731999363,-0.06129341697997534,-0.060716521526790336,-0.060288897616783646,-0.06003423964989062,-0.059480749740364915,-0.05928441024514135,-0.05961322551007617,-0.061104885611156665,-0.06011326435090658,-0.059303422478518567,-0.05908294009203641,-0.06021373084376339,-0.05966337821801206,-0.05943464667822995,-0.06110281458510935,-0.06067987700424262,-0.059060319574243784,-0.06025625127916437,-0.0608186088792715,-0.05896740482804472,-0.06011401911391363,-0.060066004299754915,-0.05991247785336901,-0.06007384935108193,-0.05998275444802322,-0.06003033270229724,-0.05996234848237609,-0.06042420829112008,-0.059001373398602903,-0.06098715895507352,-0.059991811522488954,-0.060052428362665805,-0.06007461678460392,-0.06093721044924896,-0.059733212280524466,-0.06003137908045305,-0.05952374073298371,-0.06001440969391334,-0.060233934252032426,-0.060041402741539004,-0.060041403009589704,-0.05966694406447877,-0.0594760013024616,-0.05976229369597098,-0.05975936229158767,-0.05954134061056377,-0.05973850822724888,-0.05973850822724888,-0.05972873165158745,-0.05974997035292711,-0.06026408626981474,-0.060051076436162296,-0.06019291507017248,-0.06007115587599645,NA,NA,NA,NA,NA,NA,NA,NA,NA,NA,NA,NA,NA,NA,NA,NA,NA
3,Median Estimate,-0.06062193115659498,-0.06032759139494347,-0.0605778354812613,-0.060665116381229296,-0.06064101423043739,-0.059262227053911945,-0.0611353813538487,-0.06110306379743512,-0.06027115645266119,-0.05955880819774653,-0.06031283086121546,-0.059262227053911945,-0.06256323017040172,-0.062478708940366084,-0.06110519187061202,-0.06070207468385967,-0.05915858513084185,-0.06009925605849178,-0.06038079485489143,-0.06101757001885491,-0.059053982970859634,-0.058460654164500914,-0.0595743263933015,-0.06101960407056298,-0.05987558963270763,-0.05819202856086418,-0.06189110103574179,-0.061055199481731784,-0.058359025462863215,-0.05976739101092852,-0.059928701625921996,-0.05967042272415393,-0.060646455500074366,-0.060517287793663777,-0.06057958139040583,-0.05995135843856876,-0.06041172640249112,-0.06018801487853816,-0.06056172195476324,-0.06099459878972359,-0.05908761278099746,-0.0611209479319089,-0.060516934303903605,-0.05981109569231166,-0.06002342529773748,-0.061117151604608816,-0.059851487681231774,-0.0599266878054425,-0.059138934343070444,-0.05945907921361676,-0.06012955824439567,-0.060030276736894705,-0.060030248307759215,-0.060316285823258764,-0.06009154926628833,-0.06036004634955892,-0.05959344190811611,-0.05979299421617742,-0.05925505818317986,-0.05925505818317986,-0.05950888714786466,-0.059584797228658615,-0.06078027757421925,-0.06004046329994167,-0.06059235084515478,-0.060253819138429504,NA,NA,NA,NA,NA,NA,NA,NA,NA,NA,NA,NA,NA,NA,NA,NA,NA
3,SD Estimate,0.006272300515984921,0.0056729157078031925,0.006819606346360669,0.005244359510087006,0.008475019038287858,0.015642503600308437,0.011509277709009592,0.009214762649890506,0.009195199799903856,0.009186032127170844,0.01195658023738691,0.015642503600308437,0.01319981689497754,0.016726287837348957,0.012867641689779148,0.013038453370877105,0.016012463423882517,0.013045677283341047,0.013644277136802618,0.014936302973245445,0.015030044733338029,0.011991024146031185,0.014062777434617094,0.013383084145184762,0.014914516329075398,0.01682944277515878,0.014431040547074373,0.01561104955590697,0.015621581730294622,0.01701136087362923,0.015971718596324232,0.01809452777153189,0.006379283014786842,0.007842492985326492,0.007020705486115611,0.005384129350649314,0.006720556922530586,0.006969773111872642,0.008795248638667843,0.010675309731911933,0.012303105697314652,0.016728041142224644,0.00646785016488703,0.004623036269071091,0.011902196265492519,0.008978170769578674,0.007856119227207912,0.00828606398102153,0.008677111083152977,0.011728006359011783,0.005188663141289007,0.00441575292334021,0.004415752527139674,0.006813645689197344,0.008178244346181206,0.007228102222480286,0.007018800158085376,0.006982021365926224,0.006979981899340859,0.006979981899340859,0.006971106519912515,0.0062701860977092,0.006462235177578914,0.007046591818902537,0.006241706700742731,0.0045281961794909065,NA,NA,NA,NA,NA,NA,NA,NA,NA,NA,NA,NA,NA,NA,NA,NA,NA
3,Power,1,1,1,1,1,0.936,0.992,1,1,1,0.98,0.936,0.98,0.768,0.956,0.856,0.652,0.964,0.872,0.78,0.58,0.936,0.84,0.816,0.732,0.604,0.852,0.78,0.66,0.656,0.676,0.64,1,1,1,1,1,1,1,0.992,0.924,0.784,1,1,0.98,1,1,1,1,0.98,1,1,1,1,1,1,1,1,1,1,1,1,1,1,1,1,NA,NA,NA,NA,NA,NA,NA,NA,NA,NA,NA,NA,NA,NA,NA,NA,NA
4,Mean Estimate,-1.3812947183492158e-4,-0.0021886321038724196,-2.8696184939030925e-4,-0.0013242364456476415,3.0623652354687674e-4,0.0010658942282748887,0.0028775536112458583,-0.001661203734730879,-0.001106228524360992,9.449267887157575e-4,-8.396436610297379e-4,0.0010658942282748887,0.002603095125452022,0.003152010461779054,-0.00863295115722432,0.0022083249397545405,0.0014410346144249483,-0.0017831171607781103,-0.005412688254617163,0.0020672011222829774,7.0368900580342e-4,1.3758042979995276e-4,9.97326043085622e-4,4.247243539328671e-4,0.001663971147506753,0.001501026692453537,-0.006522291230176427,-0.0023797901039705294,0.0022510291118371475,0.006278291825498018,-0.0030025412832916714,-0.0016625614014096621,-0.001141518504436311,-3.6621928509486914e-4,1.2574072076505587e-4,-0.0016625665377452059,-0.0017696197334141305,7.46608420655361e-4,0.0032576953100420356,0.0034170150172266353,-0.0032346681062006863,-0.0033179699351988247,7.448924740904459e-4,-9.925057199303298e-4,1.3688393938794102e-4,0.002011262853440051,-0.0030686299722387077,-0.0030780706882156104,-8.509499356595264e-4,-0.001105530803193137,-0.001378478773330128,-0.0012137692203816964,-0.001213787637395507,7.499082251005366e-4,4.7213460383109795e-4,6.137402387794835e-5,8.45673277554976e-4,9.23160760630846e-4,-6.695640503720005e-4,-6.695640503720005e-4,-4.2646903814973534e-4,-8.139403761625112e-4,-5.533794891796196e-4,-0.001230889653530018,-9.283695881228342e-4,-9.816561435022943e-4,NA,NA,NA,NA,NA,NA,NA,NA,NA,NA,NA,NA,NA,NA,NA,NA,NA
4,Median Estimate,-1.5084940733750378e-4,-0.003033655565185177,-0.002494369541051987,-0.0018461418698262698,0.0021941791465894325,2.7528737029450717e-4,0.0016147887531601532,4.8262259984149943e-4,-0.0010567500650500916,0.0018046322709994599,1.7610487266256727e-4,2.7528737029450717e-4,0.003709014064649129,0.002885463834774463,-0.0069163690630125105,0.0016581311077919695,0.005060908083675951,-5.503240921515281e-5,-0.007361265120878428,-0.0011110263707574365,0.0017485568581396028,-0.001281951794922632,1.092473144412088e-5,-2.0828343791105136e-4,0.0011046674822615837,0.0012655620828912828,8.327077165992407e-4,-8.965397268077961e-4,-0.0014276098833944989,0.00371050466171391,-0.0031018564381064618,-0.003482663606581943,-0.0035168108229560397,-6.285813150401683e-4,-0.0014843587524800386,-0.0012573281758261814,-0.0030657596453328093,-0.0011601341856273262,6.263057490675757e-4,0.003069107175932729,-0.00426521326829181,-0.006343518747547804,-0.0010905667427009037,-7.697743910162538e-4,-9.844622014271343e-4,-0.0014416039812471157,-0.002217976157990793,-0.006672294247311222,-0.0017527861899406518,6.841067898886038e-4,-0.002111613238116419,-0.0014546954761753004,-0.001454721325630922,-0.002357483132410828,-0.0011151198595190774,8.167764439749058e-4,-0.0012901697374430514,-2.910847746818481e-4,-4.4756029310564116e-4,-4.4756029310564116e-4,-8.284076752199277e-4,2.53758141233891e-4,1.833506907132379e-4,-5.678857667307421e-4,-1.9599888343793318e-4,-6.662528177263321e-4,NA,NA,NA,NA,NA,NA,NA,NA,NA,NA,NA,NA,NA,NA,NA,NA,NA
4,SD Estimate,0.024951407148193234,0.01984385605767502,0.0310873259872182,0.022992657707635977,0.039082289821293456,0.029642504511845063,0.04091525560908493,0.04829826102953342,0.02934513897981099,0.01568194743729971,0.06844857366996,0.029642504511845063,0.04485159275430129,0.06333323339405038,0.06023681228279351,0.07226966115059602,0.09135979019603632,0.02971603011397988,0.04308375338067108,0.053890520627434456,0.0702542408739365,0.022676698842601886,0.0183567445487946,0.01469972453967346,0.024191124124062987,0.037741830456760495,0.08467726344065205,0.09756407219355538,0.09504084747951566,0.07995885667695236,0.07103970068411272,0.06728805417848448,0.030889087353589938,0.025648131290093325,0.023513125782169263,0.017057026313915417,0.02932322179107119,0.04059329338249539,0.04255423023039377,0.0396896423617886,0.05002590970881887,0.10039817980997945,0.033875002478092324,0.027403283406751782,0.019031311868305898,0.041195281797467766,0.05826488666889011,0.043492079561089775,0.019399036363586867,0.05242734243014892,0.04420846315573504,0.03128662364784164,0.03128671506903854,0.02683023723120849,0.025004013733088717,0.034836229184882044,0.02425525720091836,0.018334009173837654,0.017536095968393697,0.017536095968393697,0.015663764955319664,0.014599587155766985,0.025886256134723923,0.021579842760252592,0.03027749769521648,0.030466277949901373,NA,NA,NA,NA,NA,NA,NA,NA,NA,NA,NA,NA,NA,NA,NA,NA,NA
4,Power,0.052,0.032,0.052,0.036,0.044,0.036,0.032,0.044,0.048,0.06,0.052,0.036,0.032,0.056,0.032,0.036,0.036,0.056,0.028,0.032,0.04,0.044,0.052,0.024,0.036,0.048,0.032,0.06,0.064,0.052,0.048,0.052,0.036,0.068,0.068,0.056,0.02,0.06,0.072,0.06,0.036,0.06,0.056,0.04,0.032,0.032,0.044,0.048,0.044,0.056,0.032,0.032,0.032,0.044,0.052,0.06,0.04,0.06,0.028,0.028,0.032,0.036,0.04,0.044,0.044,0.04,NA,NA,NA,NA,NA,NA,NA,NA,NA,NA,NA,NA,NA,NA,NA,NA,NA
5,Mean Estimate,-0.0300685806197367,-0.030675069651478,-0.03133666850446903,-0.03097579666094214,-0.027996951439649392,-0.028262009761154068,-0.02709190677998091,-0.02851193746032218,-0.029827812492665563,-0.0303140457595939,-0.03209616452740956,-0.028262009761154068,-0.02724909071005915,-0.026934725313788686,-0.03395505473150258,-0.026370159553302033,-0.025210620492313696,-0.031496891207620906,-0.033281858002832614,-0.027452028967860597,-0.027080471461562283,-0.03150870351469761,-0.030877318982420476,-0.03005407067933508,-0.029566327241335334,-0.029563807225379345,-0.031578667612678635,-0.039219243622928064,-0.028293410163532505,-0.028654465591055844,-0.032910735919285034,-0.03192046893003097,-0.03092054037787786,-0.031007190109963133,-0.030301711409918792,-0.030399400857599422,-0.031101174527718947,-0.030113516393824633,-0.027653926784066855,-0.029099824622768142,-0.03344239259056929,-0.035240041608103616,-0.02962287455158335,-0.029992420746127433,-0.029315821046123913,-0.02794727594013238,-0.029338087080161293,-0.031195601524155684,-0.0302296649319032,-0.031928066437755545,-0.029493656032369017,-0.029922127598596,-0.02992213697442911,-0.02956663623547517,-0.02957272153905499,-0.030615135173353906,-0.028935937856378408,-0.02885856710023782,-0.030154118675608237,-0.030154118675608237,-0.029946439371600537,-0.029839325439507756,-0.030233092895743992,-0.030829995470104215,-0.030296596337355586,-0.030074954169601736,NA,NA,NA,NA,NA,NA,NA,NA,NA,NA,NA,NA,NA,NA,NA,NA,NA
5,Median Estimate,-0.03006842947479931,-0.031203308940115235,-0.03266678980569511,-0.03228471728592285,-0.02591203501289872,-0.029761348566539773,-0.025138583130920995,-0.025738978079960007,-0.029552039540673276,-0.029973249137491,-0.02475213099088534,-0.029761348566539773,-0.027150660352563825,-0.030819388961312782,-0.03716795909833417,-0.02762890394683081,-0.024298865515537456,-0.032167488912334535,-0.034027845337344535,-0.023533230107496583,-0.03151337548564107,-0.031245606150904555,-0.029899813315966688,-0.02904806984103083,-0.02897675996117935,-0.02939056387592233,-0.031567390743074644,-0.03420943714190104,-0.02955819786493967,-0.027572635210015618,-0.03360273735632813,-0.03029192180514818,-0.027183491706891175,-0.02986543394060873,-0.02846788854460651,-0.03057911392999918,-0.031725704205019314,-0.029378033281030138,-0.027938806732072156,-0.028995827331122874,-0.0350727386801294,-0.03398433239890744,-0.029758905493391184,-0.028881919323726007,-0.028506097523619822,-0.025907789872455997,-0.025184480683553664,-0.03425014816822438,-0.029758264850668414,-0.028580589807712387,-0.026568538655448157,-0.02839220659164174,-0.028392350937116104,-0.026521545966290958,-0.026565768924096983,-0.025482116139620974,-0.028281580074947948,-0.02808144942472703,-0.029136206737510693,-0.029136206737510693,-0.02947931174511953,-0.028730069103758825,-0.029029434767429488,-0.030099548649943145,-0.02781881254946499,-0.029537930166160725,NA,NA,NA,NA,NA,NA,NA,NA,NA,NA,NA,NA,NA,NA,NA,NA,NA
5,SD Estimate,0.027187397142613708,0.02280106566134497,0.03288709830847571,0.02581643765233148,0.03864087041470562,0.02728467048904683,0.037927662606606974,0.050914566909337926,0.03000030959044051,0.016536311955730403,0.0730080103958186,0.02728467048904683,0.046894778308765137,0.05670508581089349,0.06660276620511592,0.07641434287275245,0.08450530808168213,0.02823750063404253,0.044524356447497276,0.05718776836339985,0.06665355639540294,0.023277462829555503,0.018567847638986317,0.018127024607923547,0.02496770744312828,0.03631545548701709,0.09118128062245366,0.10427496791678793,0.09624310544302571,0.08530047769222814,0.07601187239344558,0.0670042145045317,0.03462519702825965,0.025798054118796817,0.02492115112935759,0.0188223300888866,0.03310322554342906,0.04190206450981627,0.041700581171615084,0.04192598953148863,0.05081036352465717,0.09251417632887583,0.03517684384622476,0.03031737752950559,0.01961771544780821,0.04123786638815957,0.06353257646966633,0.04583548980529334,0.02187442820579721,0.0561025454395725,0.047086503135808304,0.03416790886584584,0.034168023601989415,0.02842068791908226,0.02668570620907042,0.037864382533963466,0.024692237744739026,0.018053630960610936,0.019661879764135613,0.019661879764135613,0.01741032899295618,0.01609280119719629,0.02650941802201871,0.02285101591714393,0.03134886007652949,0.03191060165696554,NA,NA,NA,NA,NA,NA,NA,NA,NA,NA,NA,NA,NA,NA,NA,NA,NA
5,Power,0.244,0.344,0.188,0.28,0.092,0.188,0.088,0.084,0.156,0.436,0.14,0.188,0.076,0.08,0.116,0.072,0.056,0.136,0.136,0.076,0.056,0.256,0.268,0.316,0.168,0.124,0.064,0.116,0.072,0.068,0.088,0.092,0.176,0.256,0.292,0.4,0.172,0.136,0.104,0.136,0.096,0.064,0.156,0.196,0.3,0.084,0.112,0.116,0.296,0.152,0.12,0.16,0.16,0.216,0.236,0.204,0.248,0.34,0.392,0.392,0.448,0.444,0.244,0.292,0.16,0.172,NA,NA,NA,NA,NA,NA,NA,NA,NA,NA,NA,NA,NA,NA,NA,NA,NA
6,Mean Estimate,-0.06147254056158542,-0.06148287318602009,-0.0621317206209494,-0.061777804879363594,-0.06147082340683133,-0.058550901612027875,-0.059953409782992184,-0.06345572531470522,-0.06083602870471769,-0.06014444152644433,-0.0630053438780604,-0.058550901612027875,-0.05952447168000674,-0.06038234769553581,-0.06685616976597604,-0.06331588716326225,-0.060195135960840716,-0.0596323184039097,-0.0641113615346513,-0.060924787090847976,-0.058675637684016624,-0.06065359260848627,-0.05977598206647258,-0.060679205531703556,-0.05890931179371547,-0.060704103232339254,-0.0636797911768382,-0.06307299425713345,-0.06823507561878539,-0.057195705149275126,-0.06221376798606287,-0.06363471963253609,-0.061939382199178133,-0.06185341327786759,-0.06141410833674213,-0.061148917984081,-0.062398365521403425,-0.06191744947459572,-0.06191530077945839,-0.05911899842386261,-0.061985479020898154,-0.06448918125153329,-0.06207703794069328,-0.061399894722409774,-0.05910439093611668,-0.06073151154502698,-0.06466279353129933,-0.06092593516460841,-0.060295917898829696,-0.06267881945005767,-0.062106746601061545,-0.061572156034348034,-0.061572159414049685,-0.061241634063107044,-0.061084928155779684,-0.06195284771752759,-0.06078306126827952,-0.060473349577127834,-0.061381309694966094,-0.061381309694966094,-0.06116235271075087,-0.060872714630329915,-0.06057509052855344,-0.060680306924758225,-0.06081286627607336,-0.06106243337533085,NA,NA,NA,NA,NA,NA,NA,NA,NA,NA,NA,NA,NA,NA,NA,NA,NA
6,Median Estimate,-0.062015295271522344,-0.06089810134346815,-0.06154901800194231,-0.06254726998192386,-0.06274374208567043,-0.060094022221729985,-0.06195340104928346,-0.064905100827547,-0.06295714100652042,-0.061049241293833115,-0.06023774809841622,-0.060094022221729985,-0.05613095456708577,-0.05931167981565923,-0.06801724382529648,-0.057188617402690024,-0.05455675844945668,-0.061963128082416635,-0.06516632593500689,-0.06240666522988589,-0.0624059313398386,-0.06024860767448577,-0.05933809785573284,-0.0599322419508769,-0.061662203566806725,-0.06072390305813995,-0.06324727258553559,-0.06173940116718797,-0.06343449539851292,-0.058141191015918726,-0.061186506826316905,-0.06527340565293815,-0.06052711478938337,-0.06128270239667171,-0.06100420647371342,-0.06153342358210646,-0.06327697438163572,-0.06263241043392534,-0.06129523130180037,-0.060955762473679106,-0.06584843154287165,-0.06881613192985102,-0.062319723162178126,-0.06198374177743424,-0.06011588368793104,-0.06367203387335803,-0.0677635322642902,-0.06376444898395875,-0.060103954949646446,-0.060934331003963144,-0.06453013740827516,-0.06190407738012903,-0.06190432817931876,-0.06244119513187969,-0.062467398872195115,-0.05982469896923111,-0.06102180299898467,-0.06106869724937246,-0.06072104737113959,-0.06072104737113959,-0.06113938486064212,-0.06029156276434683,-0.06107173271213672,-0.061232232510445864,-0.06233311116681149,-0.0633267426796222,NA,NA,NA,NA,NA,NA,NA,NA,NA,NA,NA,NA,NA,NA,NA,NA,NA
6,SD Estimate,0.024354005065250504,0.020753500886243916,0.030404182946039946,0.023123035465223724,0.03903617418110643,0.029769358363470676,0.04071376144432768,0.04813900460908139,0.029486777473444005,0.015471665244656362,0.0679124578409785,0.029769358363470676,0.04773622404507407,0.06280771957067159,0.059306239038980794,0.07403482285489808,0.08996720082736381,0.02950604616089527,0.04080618828537288,0.055377866967997444,0.06989395221973549,0.02056338968751571,0.01859946408055449,0.016318641453134605,0.02605538282539023,0.03591720455710297,0.09240538722548158,0.09109706348298442,0.09483386615800683,0.07913153741383623,0.06838039825202046,0.06823437893179157,0.03091878257312917,0.025037887750808056,0.02219443335255236,0.01701861625311947,0.030010931879913466,0.03854731745539031,0.04116393380915462,0.036938758031778623,0.049022668942938365,0.10165021524502107,0.032762142718073574,0.028047951541593667,0.020272589607114328,0.042460457003634045,0.05838818108001275,0.04412886462131317,0.019871839994651676,0.052257147993439876,0.04512160802145856,0.031914568176982516,0.031914682317885176,0.025754800532636075,0.024350352234785513,0.033580316125173475,0.023676260475379417,0.01825189828796559,0.01763957101381248,0.01763957101381248,0.01582992307236535,0.014698918164935964,0.025298738694082834,0.020835500042669326,0.029885289943268053,0.030205063464884864,NA,NA,NA,NA,NA,NA,NA,NA,NA,NA,NA,NA,NA,NA,NA,NA,NA
6,Power,0.644,0.784,0.496,0.72,0.288,0.44,0.248,0.176,0.48,0.908,0.204,0.44,0.216,0.2,0.196,0.14,0.132,0.416,0.268,0.184,0.156,0.608,0.664,0.696,0.44,0.288,0.08,0.076,0.1,0.068,0.1,0.16,0.416,0.68,0.736,0.936,0.472,0.28,0.3,0.272,0.148,0.144,0.428,0.536,0.728,0.244,0.128,0.236,0.796,0.228,0.228,0.44,0.44,0.616,0.636,0.356,0.7,0.864,0.92,0.92,0.968,0.976,0.624,0.772,0.464,0.444,NA,NA,NA,NA,NA,NA,NA,NA,NA,NA,NA,NA,NA,NA,NA,NA,NA
7,Mean Estimate,-0.003732525532657873,-0.020450026543787518,-0.010329445959441751,-0.01584976241950007,-0.04386790077727035,-0.07070549065730178,-0.05093406560829461,-0.03021126688268995,-0.011462075515491967,0.009694400264205483,0.03036677699240741,-0.07070549065730178,-0.05058750747499359,-0.05128062212707612,-0.030799546208881534,-0.02978299888129868,-0.03005124811918727,-0.011338935250710884,-0.012105283691213378,-0.011345000125712388,-0.011059084405424888,0.009929276552272,0.010023149342588768,0.009937160963803938,0.008837673232173025,0.009744739101629485,0.030802044135864712,0.031498515067331166,0.027976921232390407,0.03057103386212642,0.03147141747938683,0.02988072718618931,0.004824008760307805,0.0032929761998492344,1.9927785631610836e-4,-0.017805642476436075,-0.00987701335541074,-0.0028501064663685014,0.0041465468589380345,0.011052160540506334,0.016529373046288,0.021855038656292326,-0.002860178971002249,-0.02047338825474894,-0.07064872752200414,-0.05102308700342332,-0.03018028854191275,-0.011228809892658103,0.009802689632518137,0.030437893857207864,-0.030810728387893505,-0.020542617175074048,-0.020542463941625618,-0.0036202127685670948,0.004849928605699959,0.004800163733026614,-0.020412291717649737,-0.0034714762790327655,-0.020474815250689442,-0.020474815250689442,-0.025823789430081266,-0.020400813312842526,-0.020505874075902233,-0.0036869645688929926,-0.02055901832751967,-0.020549898458874942,0.030485891093786962,-0.07065718220219941,-0.05096145693232734,-0.030178065240920076,-0.011202334131057937,0.009850211321524908,-0.02044382268186548,-0.050598901458482275,NA,NA,NA,NA,NA,NA,NA,NA,NA
7,Median Estimate,-0.00391359578720534,-0.02061645087900571,-0.010269169101829588,-0.015894882954278905,-0.04400214989153217,-0.0718963085647086,-0.051653075690421685,-0.03015766380083662,-0.011723854294278916,0.009368430511153691,0.030380234888721568,-0.0718963085647086,-0.05064178461073798,-0.05081520052130756,-0.029956437838917757,-0.029142999594623215,-0.030115610625324692,-0.011830355802402756,-0.011951067716860286,-0.011255697227258414,-0.010036780611532532,0.00910120522833871,0.010002263772129679,0.010782105615944369,0.00866778762360907,0.00993940427028282,0.030090149670447264,0.0318161687764892,0.02742803535808344,0.031748640165616446,0.03079526636088504,0.029415375376626588,0.005094816662106094,0.0034739561717221455,4.098458702149555e-4,-0.017758574540772287,-0.009858562658505033,-0.002603617716940283,0.005278879314185474,0.011688234764038241,0.016379989409271076,0.021975996885021686,-0.003042515479359448,-0.020742393484059235,-0.07119849355956126,-0.0505496086695706,-0.030605602303473887,-0.011720740235062643,0.009873423880658348,0.030452912847182503,-0.031016161658625203,-0.02083521357423763,-0.02083511779502384,-0.0038324050918696426,0.005056500703443011,0.0040759698336321325,-0.021085746323875866,-0.003527676471653837,-0.020625019123623238,-0.020625019123623238,-0.025599265480619207,-0.02034742442459128,-0.02076299060629559,-0.004063652314923307,-0.02079899471275884,-0.020364188827681453,0.03043061321571708,-0.07066652359840518,-0.05063109236407828,-0.030275077680189166,-0.011270211706130503,0.009840142009206682,-0.020284984155904934,-0.050331256422414275,NA,NA,NA,NA,NA,NA,NA,NA,NA
7,SD Estimate,0.006186282898442857,0.006010958400477282,0.006459513763506539,0.005478537260716149,0.007706626821907535,0.015340671785624531,0.010653804120131989,0.00903124179528135,0.009298062132848568,0.008832231780153466,0.012217984420887245,0.015340671785624531,0.013333838529080605,0.01514639897729131,0.01212013064956198,0.01416726297935151,0.01437063850906214,0.01209705180422745,0.01308024156081481,0.01418742713009569,0.01674269699889252,0.011778190876325213,0.013537716032893837,0.013743877178212993,0.014515620212497903,0.015293652444506957,0.016175807191148354,0.01622478398181638,0.015269735171984211,0.016509968835544134,0.015724432630104156,0.01845397124615467,0.006765525738609218,0.007655712115075172,0.006796909254085115,0.005689652709329027,0.006319364395153551,0.0068557813527854216,0.009054379869886886,0.009474337519843081,0.012365742712138588,0.016813222704061364,0.0063193952726453995,0.004949430322913977,0.011988712738718378,0.008721991952368096,0.008283084118409396,0.008795889392344419,0.008666829541490855,0.0119646514985682,0.005581816685551128,0.0047917586671113056,0.004791762005474887,0.006530575614031868,0.00787703317967361,0.007468482116828362,0.006489950802918427,0.0068222404247827795,0.00707950811469935,0.00707950811469935,0.00689206312315691,0.006362834333066044,0.006188855306716526,0.0067881684942717145,0.006041281236791156,0.004713722724644237,0.011886645812310371,0.011595842867669771,0.008724638767388016,0.008255960566055685,0.00871358246539863,0.008426389706175316,0.0047958631685062645,0.005953918092369128,NA,NA,NA,NA,NA,NA,NA,NA,NA
7,Power,0.008,0.78,0.088,0.512,1,0.964,0.984,0.832,0.18,0.012,0.348,0.964,0.912,0.668,0.5,0.376,0.288,0.048,0.06,0.06,0.076,0.004,0.012,0.008,0.04,0.044,0.156,0.148,0.096,0.116,0.132,0.204,0.012,0,0.004,0.744,0.104,0.004,0.008,0.012,0.06,0.076,0.004,0.84,1,1,0.884,0.224,0.04,0.412,0.992,0.904,0.904,0,0.004,0.016,0.564,0.004,0.68,0.68,0.9,0.756,0.78,0.064,0.82,0.94,0.504,1,1,0.908,0.26,0.08,0.88,1,NA,NA,NA,NA,NA,NA,NA,NA,NA
8,Mean Estimate,-0.002889302580117351,-0.03949587253319803,-0.019405588050753812,-0.030363925222555103,-0.1024059373008398,-0.13981126860936507,-0.11857045354438216,-0.07916114393129016,8.49864729796741e-4,0.060510737818089494,0.041301187368721834,-0.13981126860936507,-0.11877867529138733,-0.11836223318695437,-0.0800896431895309,-0.07897188342557412,-0.07842189897519276,0.0010293495692780279,-5.953352737571395e-4,0.0014251192908612748,0.0015403247098221425,0.05917333592983277,0.06022923686170848,0.06051513577810829,0.06121992531940727,0.06141605647965785,0.041501662624354264,0.04067228977454215,0.04114984605628726,0.04075504029283506,0.04195958388313976,0.04176870077880366,0.012238779259497184,0.017711841448766936,0.010580408141067442,-0.0312531073433348,-0.014778460808449115,0.003633463932299943,0.022464266598113524,0.036990031339590675,0.046425928289904494,0.060500354129338685,0.0037731111920912977,-0.03956165156695965,-0.14057787949490416,-0.11929393665084789,-0.07957884808321133,4.831503943930821e-4,0.06038459655162583,0.041213007435101125,-0.06612987795807815,-0.03811517098524718,-0.03811483522430246,-0.002867194543387003,0.012480910540260678,0.012280673084244789,-0.03914252801067605,-0.0029877717301678465,-0.039461030681063186,-0.039461030681063186,-0.05031129042507473,-0.039419671977799046,-0.04021417553369199,-0.0038842827242097948,-0.038781957416498265,-0.038527236231324154,0.040998103798349506,-0.14076191783328526,-0.11948186543272916,-0.07980412800268934,2.3474308114744896e-4,0.06020202176320701,-0.03976884043766663,-0.11334930375623459,NA,NA,NA,NA,NA,NA,NA,NA,NA
8,Median Estimate,-0.003335385314437312,-0.039407418447192435,-0.019511795256755178,-0.030091352911297407,-0.10234157579547742,-0.1383543526609973,-0.11887169149241818,-0.07975336592730532,8.273709618180248e-4,0.06023340576878812,0.041421700314448515,-0.1383543526609973,-0.11861319185976196,-0.11825692123953274,-0.08008903315820368,-0.07834266909214839,-0.07837177006690295,0.0014582160455708806,8.587022753772515e-4,4.6696602485888283e-4,0.0010682082348766194,0.059233111376158484,0.05932306817287787,0.061219809483508386,0.060494210645597596,0.06236271977486066,0.04281257265087936,0.04091457870709622,0.04149423722091468,0.04097831738853536,0.041169963940783684,0.04182586335515953,0.012279032490756592,0.01698419950653966,0.010043811585481288,-0.030926492126734654,-0.015181088632928816,0.0032366825626154575,0.021447390652627157,0.03621704948875869,0.04592281755881969,0.05879240696199723,0.002829424262937273,-0.038794979551652765,-0.14128833161562898,-0.11960517698642442,-0.07939808012185479,4.6127262263991845e-4,0.06019077510574608,0.04089750982348916,-0.06615887210332089,-0.037700699235627556,-0.03770037327735977,-0.00312606856692213,0.012266496939165528,0.01252801348286987,-0.039221716448684676,-0.00309214167268609,-0.039683456477541096,-0.039683456477541096,-0.050368645819017496,-0.03974131359532321,-0.040552074707290206,-0.0038497009514748388,-0.03903076372503656,-0.0388106193191657,0.041709249078984253,-0.14205239894873878,-0.11977274982945492,-0.07996995290572378,3.279033542064949e-4,0.06015119956175132,-0.039617747892652766,-0.11348445814209192,NA,NA,NA,NA,NA,NA,NA,NA,NA
8,SD Estimate,0.006365944689713272,0.00549823191703273,0.0064866792120423155,0.005187055059397378,0.007682744651891584,0.014806657062981518,0.010441698518221828,0.008894102621228124,0.008661338388729251,0.008827830595644794,0.012201512093774725,0.014806657062981518,0.013452207265911823,0.015183897209643474,0.013681070770145787,0.012376791252090005,0.015352746210068505,0.012267477516299637,0.013088352759959882,0.013705879270996597,0.016109484996075153,0.011617137205999502,0.01370966454597264,0.013501798502538982,0.01360492006012634,0.016068210041735462,0.014586955949110863,0.015198864100037658,0.015537362576177124,0.01617110860096672,0.0173305600231465,0.01776559962791474,0.006472069252497461,0.0080071103803477,0.007174874340398807,0.0052464989487699615,0.006183011025055132,0.007276928129296001,0.009091889644634832,0.010654282067130393,0.012427979065972003,0.016239271542807257,0.006623099802941176,0.004701699262245132,0.011422140387725748,0.009057626921927431,0.007697648940037626,0.00759605942129427,0.00819330764111285,0.011886348490550053,0.0054822274070030945,0.004545666587879417,0.004545667881586201,0.006816980683385544,0.008267829429818494,0.007171028693146436,0.006785986344829629,0.0074164339172277886,0.0066863711229732765,0.0066863711229732765,0.006591361316513664,0.0059254239797259705,0.006485536444465415,0.006866659639865726,0.006425348483963376,0.0053321972216362964,0.011788243675470296,0.011330377774845118,0.0088907105481652645,0.007671457928744584,0.00758022143816013,0.008128091189227585,0.004630919392222534,0.005949334827760862,NA,NA,NA,NA,NA,NA,NA,NA,NA
8,Power,0,0.988,0.004,0.568,1,1,1,1,0,0.736,0.204,1,1,0.976,1,0.964,0.8,0,0,0,0.024,0.032,0.02,0.008,0.104,0.384,0.076,0.02,0.012,0.008,0.036,0.172,0,0,0,0.844,0,0,0,0.04,0.08,0.216,0,0.988,1,1,1,0,0.976,0.332,1,0.984,0.984,0,0,0,0.804,0,0.96,0.96,1,0.988,0.984,0.004,0.992,0.996,0.688,1,1,1,0.012,0.992,1,1,NA,NA,NA,NA,NA,NA,NA,NA,NA
9,Mean Estimate,-0.023575898624031363,-0.03336211917867912,-0.030044552164513138,-0.03185413368789819,-0.050692014971517714,-0.05151889286429707,-0.04991797729149072,-0.05093242477370494,-0.04998891012043259,-2.229319892465829e-5,0.0015208861961320294,-0.05151889286429707,-0.049419498626150624,-0.05041645775708508,-0.05071370303778334,-0.050017436144300695,-0.05206609293878051,-0.050014643858290186,-0.04926964922316635,-0.049919412972832866,-0.05075193792326351,2.3469099353818048e-4,-9.070238102398478e-4,-8.39842686640384e-5,5.006382691682812e-4,1.4420619899184407e-4,0.0012593308028837466,3.878074839263263e-4,0.003093432635769791,0.001360044570408942,0.00198581688029807,0.0010388816483984076,-0.017058557568177545,-0.02106599968298234,-0.022680032555622395,-0.0328398086186131,-0.030425029446494816,-0.026163231222714668,-0.020913448694205247,-0.013387969180372586,-0.01235108008864677,-0.011381974215970354,-0.02583390524054717,-0.03332553782933972,-0.05084305868063821,-0.049736642571041656,-0.0508981146004008,-0.04998029136206622,-4.4112222244769924e-5,0.00154899099852336,-0.0502050159869726,-0.03578780140604355,-0.03578773125790453,-0.023873261105532905,-0.017360329859422596,-0.01729469406658626,-0.03373920649778132,-0.02391167734318517,-0.03365544632642828,-0.03365544632642828,-0.03723704968071283,-0.03360461178296962,-0.03281798138210239,-0.023152797112142978,-0.035281913285909364,-0.035581304486499044,0.0016606434961979354,-0.05057346877856425,-0.04950230315572138,-0.05070702566380221,-0.04977419367275758,2.313071033958856e-5,-0.03314553617738465,-0.050260932532695944,NA,NA,NA,NA,NA,NA,NA,NA,NA
9,Median Estimate,-0.023517584432604918,-0.03300987221291066,-0.029498856693998037,-0.031606509584939144,-0.05078807183350674,-0.05122934238770388,-0.05087171890052784,-0.05021512077307069,-0.04977859501733427,2.2098518433114875e-4,0.0022099986059783616,-0.05122934238770388,-0.04846997175773474,-0.05151418629711646,-0.050548100733360427,-0.04962546349090058,-0.0511049970521083,-0.05030029242204742,-0.048481570852645775,-0.04977330154662158,-0.05127518609127282,0.001158568062919294,-6.640848428863875e-4,-0.0014595392386595992,0.0012438644498416562,-4.411475501355736e-4,8.54232563289064e-4,6.350114690129473e-4,0.0027808999887727953,0.0013502999331618409,1.311601428867871e-4,5.218009591768808e-4,-0.016722841381363783,-0.02056402361561553,-0.022780631243573587,-0.03268907697793499,-0.030169936057129705,-0.025315403124048782,-0.020690738044974462,-0.013389160693953498,-0.011772200782517048,-0.010756586254872462,-0.025535753750912507,-0.03285878931924479,-0.05029383939391523,-0.049217346671763904,-0.05013159380563971,-0.04962290898606887,6.523806184671026e-5,0.0024777708354048267,-0.05033175228423228,-0.03559880331876618,-0.03559876613510918,-0.024004757985014447,-0.017293548416448742,-0.01743989246327831,-0.034300486943836785,-0.024207866476338158,-0.03403395929464896,-0.03403395929464896,-0.03746050080824115,-0.0338484166724946,-0.032789279601478365,-0.02272299193222645,-0.03533061869657383,-0.03582182324382969,0.0023232487855933638,-0.050373417984579706,-0.04969734949015811,-0.05042534985940832,-0.04946037336792957,-1.2241233761276123e-4,-0.03313726671606423,-0.050282609278844065,NA,NA,NA,NA,NA,NA,NA,NA,NA
9,SD Estimate,0.0063155282447684416,0.006121806739685969,0.006529655221584955,0.005520901394608245,0.007999855018842553,0.01610514581567623,0.011125809761550575,0.00948893955934053,0.00887021643519731,0.009363538261908442,0.01228814514744148,0.01610514581567623,0.01388465747047885,0.015575874580536313,0.012912890579678076,0.01400784315200102,0.014948599499511328,0.012732256160135996,0.013750767463490934,0.014019271573218637,0.015053564102602997,0.013784186355676005,0.012833323923673848,0.014014599085175675,0.014426709963410151,0.01715086903817617,0.015570826304102644,0.015755535654677515,0.01615929865082447,0.016063675537997108,0.0170999706088049,0.01805927247327602,0.006834973676325818,0.007870497578896796,0.007172524691484802,0.005877159184590614,0.006254317858153737,0.007576855093256714,0.008663067617351397,0.010352272989552415,0.012929872761147931,0.01595608583088343,0.006485874192791214,0.005054248221501623,0.012666172769204877,0.00915710252195946,0.008388153021854612,0.008405033006579217,0.00905029036425918,0.011905746196888431,0.005422769809461467,0.004827931293861018,0.004827926249275807,0.006983184539632579,0.008402012177936192,0.007590372704419613,0.006918711407676307,0.007559547578468446,0.007440840365393851,0.007440840365393851,0.007234240970068756,0.0067524430368655864,0.006079316923952182,0.0064222271897822055,0.0058658949610811695,0.004550638895663833,0.011566255970224325,0.012566546758995984,0.009066339652111552,0.008329993034145762,0.00794953735652996,0.008805418290549006,0.0047137294218462375,0.006357463156997262,NA,NA,NA,NA,NA,NA,NA,NA,NA
9,Power,0.856,1,0.952,1,1,0.828,0.992,1,0.996,0.012,0.016,0.828,0.876,0.68,0.9,0.756,0.62,0.884,0.768,0.68,0.568,0.008,0.004,0.008,0.012,0.04,0.012,0.004,0.012,0.004,0.02,0.028,0.424,0.496,0.668,1,0.98,0.68,0.3,0.124,0.092,0.076,0.844,1,0.972,1,1,1,0.016,0.016,1,1,1,0.76,0.368,0.356,0.984,0.74,0.992,0.992,1,1,1,0.896,1,1,0.024,0.964,0.996,1,1,0.02,1,1,NA,NA,NA,NA,NA,NA,NA,NA,NA
10,Mean Estimate,-0.027205631784169237,-0.010834653514045047,-0.02039135670483778,-0.015178609738805611,-0.017454275375006625,-0.011906693007979748,-0.015627645971652032,-0.020521223277642664,-0.02566183574698314,-0.030650504665614767,-0.03511545829444999,-0.011906693007979748,-0.011720592241795778,-0.019534697207266107,-0.010590212441686318,-0.021460661376918818,-0.02951279211724617,-0.0103708277267858,-0.020843699181580588,-0.03179471199792805,-0.03963810414809488,-0.010279199526710364,-0.02048910429461407,-0.029953986999549983,-0.041483669206097945,-0.051046562174257785,-0.01014039815188254,-0.019628621046324526,-0.029737876125757023,-0.03998066450773474,-0.05079639700153383,-0.060408793663669365,-0.022904699708092013,-0.04081738042182079,-0.035727420521351486,-0.010690173749718498,-0.02044383218397664,-0.030452772565472304,-0.0409301109303344,-0.051164777961489535,-0.060682857381606524,-0.07135713359595569,-0.030608903315158087,-0.005547238968396174,0.01173624040955215,0.00600958884598803,-0.0014838098272315133,-0.009133393080359938,-0.01671203492647818,-0.02370002171157764,-0.0015358726048432928,-0.005468038984208443,-0.005468009091221883,-0.02720271386279304,-0.03559863791816479,-0.02277812989564016,-0.023286949462681856,-0.02731049453324133,-0.010678805051771515,-0.010678805051771515,-0.010797898565502406,-0.005512691083557115,-0.023100183836522493,-0.027021674265674405,-0.02307168161866113,-0.009660846006874564,NA,NA,NA,NA,NA,NA,NA,NA,-0.07107634827315004,-0.010625441738672222,-0.020353047093859752,-0.030355982404014673,-0.04081958582588159,-0.05099023906759973,-0.060461061330226065,-0.040668815104772015,-0.030509538441252006
10,Median Estimate,-0.027723486758498013,-0.011404986552408429,-0.020641255911113814,-0.015615749441397295,-0.017517191320539516,-0.01112356256391531,-0.015779230721786,-0.02029478661590153,-0.026531188584393038,-0.030767564931595784,-0.03602383793096736,-0.01112356256391531,-0.010852889347684514,-0.019581732844448335,-0.010084046597016214,-0.021261971457270747,-0.02791760388349512,-0.011023833542345624,-0.02156783517774113,-0.03188354656020769,-0.041002714817471586,-0.009302722438962796,-0.02067361975550974,-0.029381102068044774,-0.04054266680300473,-0.051590445486742444,-0.01187588871553452,-0.019790055921386968,-0.029652890263381894,-0.03992791631574431,-0.052028970622980245,-0.060940330324525616,-0.023145368699208954,-0.04155780945320071,-0.036842701614027154,-0.011127887482040973,-0.021016841778303583,-0.03020565495697186,-0.04179665773499677,-0.05230273742526204,-0.061780445343224306,-0.07090811874724795,-0.031334703359825945,-0.006122167351968825,0.013027774900897451,0.005860620245060221,-0.0010616174381800326,-0.009202971695492064,-0.016885687682610152,-0.024760723355810133,-0.0014058739624521368,-0.0057676524573996015,-0.005767621972333301,-0.02786064800787688,-0.0370132570044402,-0.022905613177760836,-0.0234542883659527,-0.028452196748903542,-0.011083750787748344,-0.011083750787748344,-0.01111905171207615,-0.005871489034005662,-0.02309793361053601,-0.02704245723184099,-0.02344833023329551,-0.009806077884508366,NA,NA,NA,NA,NA,NA,NA,NA,-0.07067416383857511,-0.010451778424416022,-0.020207808784011728,-0.03052475850227745,-0.04114511093250571,-0.05060981179356082,-0.06052426224459848,-0.040638790185879035,-0.030360350663600367
10,SD Estimate,0.00714058566075853,0.005999832770821942,0.007128051495463497,0.00576172874650032,0.008002709393425355,0.015864715079664738,0.010889169945901897,0.009731469374722487,0.010105882478440922,0.01002857815714773,0.012815721129842797,0.015864715079664738,0.013641895455844107,0.0153509953418861,0.013237912945244236,0.013971362700730764,0.016236217638294574,0.013235649797018441,0.013825137181039383,0.01506939388560322,0.017283905185118093,0.013613517507647844,0.013954255740157613,0.014051215018632858,0.014871636954589523,0.017740820823028275,0.015236100287834928,0.01658395058763752,0.01468235738552783,0.017695480818672792,0.016589854417411568,0.01930544189449483,0.007314955399315515,0.008779600206041365,0.00793800139637327,0.005757160063717356,0.006879447791318435,0.008620383263343587,0.01013720451289038,0.011111603758510696,0.013163072285939648,0.017151405950961134,0.00761080736136037,0.005198349179902274,0.010882502989438771,0.009302452697189191,0.008544810263044156,0.008977605419586303,0.009429841667876478,0.012425188042212033,0.005765342976309846,0.005094342708816933,0.005094347686098451,0.007770368304586409,0.009171587887876604,0.008202149205048604,0.00762060450509849,0.008155895484447596,0.00715658164091305,0.00715658164091305,0.007031879081209809,0.006426539880128972,0.006578375033702734,0.006966498682689324,0.006411664070214022,0.005216229122695584,NA,NA,NA,NA,NA,NA,NA,NA,0.015105488818770932,0.0051401749445318026,0.006066732139159508,0.007556346318064442,0.008804908482505282,0.009353331487907962,0.011098167700470712,0.0070928866757403956,0.006391198726238803
10,Power,0.924,0.336,0.704,0.648,0.488,0.096,0.264,0.488,0.708,0.768,0.68,0.096,0.1,0.204,0.08,0.24,0.364,0.052,0.16,0.424,0.556,0.044,0.132,0.24,0.58,0.708,0.012,0.12,0.18,0.436,0.68,0.784,0.816,0.988,0.968,0.356,0.744,0.892,0.948,0.984,0.98,0.948,0.952,0.1,0.044,0.072,0.056,0.164,0.324,0.42,0.028,0.124,0.124,0.904,0.94,0.816,0.832,0.832,0.332,0.332,0.344,0.136,0.876,0.864,0.912,0.396,NA,NA,NA,NA,NA,NA,NA,NA,0.98,0.396,0.784,0.908,0.98,1,0.996,1,0.992
11,Mean Estimate,-0.023501584403831682,4.162680624914259e-4,4.9822454196658553e-5,2.497020505381325e-4,-0.007616857536906171,7.394231296426378e-4,8.83370990733146e-4,-0.016069113880315483,-0.025049104460993673,-0.029918988177062168,-0.03300679491970819,7.394231296426378e-4,0.0011273241351152678,6.394180754477948e-4,6.490953461050355e-4,2.498725413342722e-4,-0.04910629371122217,6.411217984548247e-4,9.620676398462157e-6,-0.05073365128871983,-0.050113508219915,-0.0014642079796112122,-5.779009999063961e-4,-0.04910528275842595,-0.04948827719444161,-0.04895927073184893,8.048567362651817e-4,-7.190995308656446e-5,-0.048900665229761144,-0.04958363574183398,-0.05046249790162259,-0.04982691643916504,-0.017230422608852665,-0.035632465408330656,-0.03315606361146341,3.9982509571193754e-4,1.6356000223097876e-4,-0.049828838285375446,-0.049567321491642745,-0.05007793780032973,-0.050025674801750734,-0.05049087722830161,-0.03307753291779547,0.00359115808846514,0.026507834335200056,0.025315712980555256,0.006230933511284503,-0.004970762518114069,-0.011971806488448157,-0.019564943450112886,0.008858622834746357,0.003397151952632159,0.0033970850597198417,-0.02324962919789756,-0.03286052119396078,-0.017039844572133894,-0.016822530195497776,-0.023267965163320047,6.375636184127115e-4,6.375636184127115e-4,7.058476846849358e-4,0.006624896378962726,-0.017176046912309915,-0.023613424812223775,-0.017658424558843686,-0.003553056738280612,NA,NA,NA,NA,NA,NA,NA,NA,-0.050431082125167,3.715001643193025e-4,1.3438888870868218e-4,-0.049898256763793385,-0.04965402837941186,-0.05017625081895114,-0.05006850993860855,-0.03567460556755771,-0.033139298751498854
11,Median Estimate,-0.02370750259973272,2.641487654031144e-4,5.088633830403906e-4,1.3334447426022774e-4,-0.008377656614586188,0.0012454551335460942,0.0011746326426719023,-0.016367122483408422,-0.024616252716264435,-0.029401615879641553,-0.03380154020147386,0.0012454551335460942,0.0019153220065407045,0.0013782343145205176,6.141981293715602e-4,4.6042360951240545e-4,-0.04922954124844855,0.0017295120510604006,6.35452689709841e-4,-0.05057585345868089,-0.050138880160651225,-0.0018883819952352269,-9.721780120675169e-4,-0.049659990797353865,-0.04987789370360888,-0.04730804942901283,-3.704388544024957e-4,-4.230278016679454e-4,-0.04830945621668502,-0.05085882955711603,-0.05157046609262933,-0.049207257756784195,-0.017472552615602696,-0.036339289655098125,-0.03306764329021819,4.115087855492449e-4,4.2194219658792695e-4,-0.04963784585941801,-0.04906984059588655,-0.05011380538974387,-0.05067013066746514,-0.05082847408765666,-0.03306602529237043,0.0036911690848606756,0.025954372314629666,0.025485017659976184,0.006199658923705383,-0.004819952763261822,-0.012748480788590442,-0.01950859619242894,0.008772071906976063,0.0033126198816458034,0.0033124751268662207,-0.022783383190126204,-0.03253877905244562,-0.016389597688182697,-0.016815768634077317,-0.023111485062059466,6.030609915896045e-4,6.030609915896045e-4,4.128927898647064e-4,0.006531931254454398,-0.016373662844891723,-0.022629591153071525,-0.017540440256275658,-0.0035347988011042364,NA,NA,NA,NA,NA,NA,NA,NA,-0.04973837413473571,3.527621615919026e-4,-3.1296369669617935e-5,-0.04962193087066776,-0.04889378211359462,-0.05046744369337076,-0.05046857028903214,-0.03574329082233509,-0.032904586374344
11,SD Estimate,0.00584946978963923,0.0052902224420537085,0.006255823240972575,0.004957383238412593,0.00763687529346524,0.01544300894470117,0.010782492864847339,0.008354954480404138,0.008894303765196104,0.008719123158172635,0.011867655355152445,0.01544300894470117,0.013607635437785235,0.014308508909892102,0.012938245138765856,0.014578880053645066,0.014349319518634909,0.012842596656798919,0.013469853863276315,0.013382660081468843,0.015590325120293904,0.013454761939907786,0.013248824604364976,0.01378898878235388,0.01399780394153019,0.015188675888398322,0.013742115977115922,0.01522165689721608,0.015933504215058247,0.01671661612302961,0.01616366150778775,0.01766765570075193,0.006162112718027031,0.007463826360863775,0.006588787778269466,0.0051614665853959,0.005969498758559104,0.007331602900474342,0.008354397357542934,0.009711590769119264,0.011851923334004113,0.016133554335826146,0.006165486094714373,0.004570343115519207,0.01207235695751139,0.008993500103197716,0.007370480183495302,0.00823745665468641,0.008407514217846366,0.011595822991655918,0.005264349484518883,0.004446713644785151,0.004446712775930352,0.00666692655529473,0.007842319907295748,0.0071607447345204255,0.006662646027900113,0.007076650773676123,0.006746360557854854,0.006746360557854854,0.006714051310088259,0.006149287241642625,0.006368152576272714,0.006914909076904011,0.0062390093036984685,0.004409232147243986,NA,NA,NA,NA,NA,NA,NA,NA,0.015033336115251896,0.004971130291836587,0.00576845141029006,0.0068735744970297216,0.0076562383401438325,0.009086682620855996,0.011260222730148903,0.006790537166644109,0.005638366551866164
11,Power,0.672,0.004,0,0,0.068,0.064,0.06,0.128,0.256,0.416,0.292,0.064,0.052,0.044,0.008,0.012,0.8,0,0,0.688,0.612,0,0,0.544,0.552,0.46,0,0,0.38,0.34,0.356,0.332,0.204,0.844,0.904,0.004,0,1,0.988,0.936,0.644,0.344,0.956,0,0.384,0.624,0.008,0,0.028,0.056,0.056,0,0,0.6,0.804,0.252,0.42,0.376,0.016,0.016,0.016,0.068,0.412,0.532,0.44,0.004,NA,NA,NA,NA,NA,NA,NA,NA,0.416,0.008,0,1,0.996,0.984,0.784,0.988,0.996
12,Mean Estimate,-0.03630652778734752,-0.06960473277421851,-0.0499214978567629,-0.06065780773548627,-0.0562308939969987,-0.06786698476191985,-0.06028832490583499,-0.0496472464633194,-0.04033963622456962,-0.02960626324063331,-0.019276976648509223,-0.06786698476191985,-0.07013388959218242,-0.050442760320167784,-0.0697453272121086,-0.049285203899462844,-0.029911186159794184,-0.07046990076354416,-0.05033718652010328,-0.03040262733085158,-0.010148832024868763,-0.06958981247684315,-0.04936882928327929,-0.0309355649976142,-0.009941024185280842,0.011803908683502016,-0.06982248275584399,-0.0501735031373034,-0.02838725478957363,-0.009765312615259836,0.01151112795781156,0.03097556189919828,-0.04470400360865457,-0.009654517788094064,-0.019702549074532495,-0.06958655229041869,-0.050052540331931655,-0.02994091097418783,-0.010095793328306363,0.011265020988519394,0.03019548520580748,0.05063366713837782,-0.030029748756942604,-0.0797306696866584,-0.11609704092256956,-0.10331936611026418,-0.08740988536602332,-0.0730065099381078,-0.05708967567350251,-0.04146154865736512,-0.08791191788480691,-0.07990081660583921,-0.07990085930339327,-0.036192640264228824,-0.019385934225620575,-0.04455897019798074,-0.04440032766567015,-0.03616915455411921,-0.0694117567795735,-0.0694117567795735,-0.06939041439979662,-0.07938560213957267,-0.044859873944238196,-0.03659956247085019,-0.045040975893028704,-0.07274972135432334,NA,NA,NA,NA,NA,NA,NA,NA,0.05061174102493645,-0.06960032401294919,-0.05006997783346145,-0.029976130549813376,-0.01014551587051866,0.011224463762846547,0.03021802808563824,-0.009676816484760204,-0.030063874751264492
12,Median Estimate,-0.035501876938271115,-0.06936247260450351,-0.04998818547268489,-0.06035552794707663,-0.055781553052205966,-0.06658105607887366,-0.05993402785194504,-0.049093142319834776,-0.040100995158249206,-0.029185413391006512,-0.019264018748542503,-0.06658105607887366,-0.07062777818045515,-0.05016519209293605,-0.06949842899336947,-0.049998140080908915,-0.03130753730189735,-0.07030821787356238,-0.04925950188064047,-0.031089642630630028,-0.009362319858385457,-0.06846401549820919,-0.05044825250067439,-0.03086093564165239,-0.010371645065926933,0.012843156544311035,-0.0699555828551518,-0.05045582617222851,-0.028302450937397385,-0.010403550046845218,0.012368985160775885,0.031029878902956123,-0.044227347663694266,-0.009187156547207826,-0.019467084889702675,-0.06932035452812257,-0.05005502383347428,-0.0296626299711588,-0.010777184766396651,0.011531240127322595,0.030343822090751052,0.04950351229435081,-0.030002838734949924,-0.07973455766384799,-0.11519631658679305,-0.10327143946263931,-0.08720019093148765,-0.0726350942175999,-0.05639244800471889,-0.041792949875752494,-0.08770942333780599,-0.07981203129183359,-0.07981202306810352,-0.03596303678127259,-0.019268400830928394,-0.044215452094952125,-0.04427715236091474,-0.0363368366746913,-0.06926844444700972,-0.06926844444700972,-0.06889267188829779,-0.07905499627589573,-0.04480446059246021,-0.03649819525348891,-0.04510795706477823,-0.07261924771309969,NA,NA,NA,NA,NA,NA,NA,NA,0.05025463390319624,-0.07009817077691599,-0.04987009267686867,-0.029378606900389813,-0.010048143741290119,0.01088914650120413,0.02992474632449936,-0.009522625561026317,-0.03033726078307667
12,SD Estimate,0.006130465880892958,0.005588595691002442,0.006444580912727366,0.005138722121946222,0.008337165244742224,0.01604734941820591,0.011274223268393117,0.009751892757779723,0.008927471157174563,0.009693984816109752,0.012287644144885517,0.01604734941820591,0.013811777866247604,0.01607268582382244,0.013534421922603087,0.01347143395773713,0.01665155075201336,0.013268085488273466,0.012790758821175353,0.013754441670523646,0.016182747261047715,0.013178383318974501,0.014476449503968342,0.014885920367462143,0.015259805330303244,0.01634302676511485,0.015663373616280844,0.015304667706127952,0.016013978289886387,0.015766138787451273,0.017864409870884796,0.018612073842390282,0.006349883533185028,0.007756699028120553,0.006927104388359309,0.005342573279653914,0.006218047584564429,0.007481098286456835,0.008532061537032854,0.010280620148196624,0.012365739565116484,0.016219406967787554,0.0063995496443857245,0.0047218353950534905,0.012707826550366374,0.00957104060998005,0.008201042120547536,0.008404934760138429,0.008973164092460847,0.01210507905558169,0.005266649552158834,0.004444535730590203,0.004444542300379445,0.0065016290240569544,0.007846989365223296,0.006926151676873921,0.006781859409990774,0.006853617931332958,0.006741119752669787,0.006741119752669787,0.006767380585643648,0.006057472343015263,0.006178196599675475,0.006422437022161833,0.005900536202573464,0.004752330479139529,NA,NA,NA,NA,NA,NA,NA,NA,0.014391612626510068,0.005132673588573621,0.0056947159974075675,0.006959243522161122,0.007532280682939499,0.0087085973833765,0.010868792581328633,0.006492197766551327,0.005596211114842509
12,Power,0.832,1,0.996,1,1,0.972,0.996,0.964,0.664,0.06,0,0.972,1,0.524,0.984,0.48,0.072,0.932,0.304,0.024,0.02,0.664,0.052,0,0,0.004,0.18,0.004,0,0,0,0.008,0.932,0.004,0.02,1,1,0.076,0,0,0,0,0.168,1,1,1,1,1,0.992,0.12,1,1,1,0.668,0.024,0.936,1,0.592,1,1,1,1,1,0.984,1,1,NA,NA,NA,NA,NA,NA,NA,NA,0.056,1,1,0.46,0,0,0.052,0.056,0.804
